y,x0,x1,x2
3.14159,0.5,1.0,2.0
2.71828,1.2,0.3,-1.0
1.41421,-0.5,2.0,0.5
0.70711,1.8,0.8,-0.3
2.23607,-1.0,1.5,1.2
1.73205,0.8,0.6,-0.8
2.64575,0.3,1.8,0.1
3.31662,2.0,0.2,-1.5
1.00000,-0.8,2.5,0.7
2.44949,1.0,0.9,-0.2
1.73205,0.6,1.2,1.8
3.00000,1.5,0.5,-0.6
0.50000,-1.2,1.8,0.3
2.64575,0.9,0.7,-1.1
1.41421,-0.3,2.2,0.9
2.82843,1.3,0.4,-0.4
2.00000,0.2,1.6,1.5
3.31662,2.1,0.1,-0.9
1.00000,-1.0,2.0,0.6
2.64575,1.1,0.8,-0.7
1.41421,0.4,1.3,1.1
3.60555,1.7,0.3,-1.3
0.70711,-0.7,2.4,0.4
2.23607,0.7,1.1,-0.5
1.73205,1.4,0.6,1.6
2.82843,-0.2,1.9,-0.1
3.14159,0.9,0.4,1.3
2.00000,1.6,0.7,-1.4
1.00000,-0.9,2.3,0.8
2.44949,0.5,1.4,-0.6
1.41421,1.2,0.1,1.9
3.31662,-0.4,1.7,-1.0
0.50000,0.8,2.1,0.2
2.64575,1.5,0.3,-0.3
1.73205,-0.6,1.6,1.4
2.23607,0.3,0.9,-0.8
3.00000,1.8,0.5,1.0
1.00000,-1.1,2.2,-0.4
2.82843,0.6,1.2,0.7
1.41421,1.3,0.2,-1.2
